query_id|question|answer|context_id|gold_evidence|gold_supporting_titles|gold_mapping_complete
2wiki:10|Which film has the director died first, Crimen A Las Tres or The Working Class Goes To Heaven?|The Working Class Goes To Heaven|10|['103', '105', '108', '109']|['crimen a las tres', 'elio petri', 'luis saslavsky', 'the working class goes to heaven']|True
2wiki:23|Which film whose director is younger, Heads I Win, Tails You Lose or The Incredible Sarah?|Heads I Win, Tails You Lose|23|['231', '233', '238', '239']|['heads i win tails you lose', 'nanni loy', 'richard fleischer', 'the incredible sarah']|True
2wiki:25|Who is Marie Zéphyrine Of France's paternal grandmother?|Marie Leszczyńska|25|['251', '257']|['louis dauphin of france son of louis xv', 'marie zéphyrine of france']|True
2wiki:30|Which film was released more recently, Lo Zappatore or Placer Sangriento?|Placer Sangriento|30|['304', '307']|['lo zappatore', 'placer sangriento']|True
2wiki:39|Who was born later, D'Arcy Coulson or Thomas William Adams?|D'Arcy Coulson|39|['395', '397']|['d arcy coulson', 'thomas william adams']|True
2wiki:44|Where was the husband of Caterina Visconti born?|Pavia|44|['445', '449']|['caterina visconti', 'gian galeazzo visconti']|True
2wiki:54|Who is Arthur Gore, 2Nd Earl Of Arran's paternal grandfather?|Sir Arthur Gore, 2nd Baronet|54|['546', '548']|['arthur gore 1st earl of arran', 'arthur gore 2nd earl of arran']|True
2wiki:55|Are both Kaufland and Otrag located in the same country?|yes|55|['550', '556']|['kaufland', 'otrag']|True
2wiki:59|Where was the wife of Douglas Leiterman born?|Winnipeg, Manitoba|59|['592', '596']|['beryl fox', 'douglas leiterman']|True
2wiki:60|What is the place of birth of the performer of song Who...?|Fukuoka|60|['600', '601']|['ayumi hamasaki', 'who']|True
2wiki:63|Which film has the director who died earlier, Toen 'T Licht Verdween or Boum Sur Paris?|Toen 'T Licht Verdween|63|['630', '631', '635', '636']|['boum sur paris', 'maurice de canonge', 'maurits binger', 'toen t licht verdween']|True
2wiki:66|Who is the father-in-law of Sophia Of Wittelsbach?|Louis II|66|['665', '668']|['hermann i landgrave of thuringia', 'sophia of wittelsbach']|True
2wiki:67|Where was the place of death of Lambert I, Count Of Louvain's father?|Bohemia|67|['670', '672']|['lambert i count of louvain', 'reginar iii count of hainaut']|True
2wiki:70|What is the award that the performer of song Sunday Papers earned?|Grammy|70|['702', '706']|['joe jackson musician', 'sunday papers']|True
2wiki:72|Are both Nikolsk Airport and Svobodny Airport located in the same country?|yes|72|['721', '725']|['nikolsk airport', 'svobodny airport']|True
2wiki:76|Who is older, Dyson Parody or Gene Watson?|Gene Watson|76|['762', '765']|['dyson parody', 'gene watson']|True
2wiki:78|When did Prince John Konstantinovich Of Russia's mother die?|24 March 1927|78|['780', '782']|['prince john konstantinovich of russia', 'princess elisabeth of saxe altenburg 1865 1927']|True
2wiki:86|Who is Maria Luisa Of Savoy's father-in-law?|Louis, Grand Dauphin|86|['861', '865']|['maria luisa of savoy', 'philip v of spain']|True
2wiki:88|What is the place of birth of the director of film Marianela (1940 Film)?|Madrid|88|['880', '881']|['benito perojo', 'marianela 1940 film']|True
2wiki:96|Which film came out first, Celine: Through The Eyes Of The World or Dilan 1991?|Celine: Through The Eyes Of The World|96|['963', '965']|['celine through the eyes of the world', 'dilan 1991']|True
2wiki:101|What is the place of birth of the performer of song Heaven (Namie Amuro Song)?|Naha, Okinawa|101|['1010', '1015']|['heaven namie amuro song', 'namie amuro']|True
2wiki:107|Which film came out earlier, Out Of The Rain or Les Résultats Du Féminisme?|Les Résultats Du Féminisme|107|['1070', '1075']|['les résultats du féminisme', 'out of the rain']|True
2wiki:110|Which country Jan Baptist Van Rensselaer's father is from?|Dutch|110|['1106', '1107']|['jan baptist van rensselaer', 'kiliaen van rensselaer merchant']|True
2wiki:120|Which school was established first, Whitehorse Manor Junior School or Sabawoon Rehabilitation Centre?|Sabawoon Rehabilitation Centre|120|['1204', '1209']|['sabawoon rehabilitation centre', 'whitehorse manor junior school']|True
2wiki:136|Which film has the director who was born earlier, Adam'S Rib or Thendral Veesum?|Adam'S Rib|136|['1360', '1364', '1365', '1367']|['adam s rib', 'b s ranga', 'george cukor', 'thendral veesum']|True
2wiki:137|Which country the composer of film Continental, A Film Without Guns is from?|French|137|['1370', '1375']|['continental a film without guns', 'stéphane lafleur']|True
2wiki:139|Which one was established first, Noerr or Korn Ferry?|Noerr|139|['1392', '1393']|['korn ferry', 'noerr']|True
2wiki:158|Which film was released first, The Beginning Or The End or Hold Back The Night?|The Beginning Or The End|158|['1580', '1583']|['hold back the night', 'the beginning or the end']|True
2wiki:168|Where was the place of death of Tamatoa Vi's father?|Huahine|168|['1686', '1688']|['ari imate', 'tamatoa vi']|True
2wiki:174|Which film has the director who died later, His Last Haul or The Falcon In San Francisco?|The Falcon In San Francisco|174|['1742', '1745', '1746', '1748']|['his last haul', 'joseph h lewis', 'marshall neilan', 'the falcon in san francisco']|True
2wiki:184|Which film has the director born later, Jesse James' Women or Ride Lonesome?|Ride Lonesome|184|['1844', '1845', '1847', '1849']|['budd boetticher', 'don red barry', 'jesse james women', 'ride lonesome']|True
2wiki:198|What is the place of birth of Samir Rifai's father?|Amman|198|['1981', '1987']|['samir rifai', 'zaid rifai']|True
2wiki:199|Who is the paternal grandmother of Archduchess Dolores Of Austria?|Princess Maria Immaculata of Bourbon-Two Sicilies|199|['1997', '1999']|['archduchess dolores of austria', 'archduke leopold salvator of austria']|True
2wiki:208|Which film came out earlier, Niyoti or Angali Pangali?|Niyoti|208|['2080', '2082']|['angali pangali', 'niyoti']|True
2wiki:209|Which country Aleksandra Marianna Wiesiołowska's father is from?|Polish–Lithuanian Commonwealth|209|['2096', '2099']|['aleksandra marianna wiesiołowska', 'marek sobieski']|True
2wiki:210|Which country Tivala's father is from?|Maurya dynasty|210|['2106', '2108']|['ashoka', 'tivala']|True
2wiki:213|What is the place of birth of the director of film Double Or Nothing (1940 Film)?|New Brunswick, New Jersey|213|['2131', '2136']|['double or nothing 1940 film', 'roy mack director']|True
2wiki:215|Do both directors of films Dangerous To Know and Les Côtelettes have the same nationality?|yes|215|['2152', '2153', '2157', '2159']|['bertrand blier', 'dangerous to know', 'les côtelettes', 'robert florey']|True
2wiki:218|Where did the director of film Ręce Do Góry study?|National Film School in Łódź|218|['2183', '2186']|['jerzy skolimowski', 'ręce do góry']|True
2wiki:221|Do Kreesha Turner and Samantha Jo share the same nationality?|yes|221|['2214', '2216']|['kreesha turner', 'samantha jo']|True
2wiki:235|What is the place of birth of the performer of song Hunter (Björk Song)?|Reykjavík|235|['2352', '2353']|['björk', 'hunter björk song']|True
2wiki:237|Who is the spouse of the director of film Carol'S Journey?|María Barranco|237|['2374', '2375']|['carol s journey', 'imanol uribe']|True
2wiki:244|Who is Charles Willoughby, 10Th Baron Willoughby Of Parham's paternal grandmother?|Lady Frances Manners|244|['2445', '2446']|['charles willoughby 10th baron willoughby of parham', 'william willoughby 6th baron willoughby of parham']|True
2wiki:247|What nationality is Gevherhan Sultan (Daughter Of Selim Ii)'s father?|Ottoman Empire|247|['2473', '2477']|['gevherhan sultan daughter of selim ii', 'selim ii']|True
2wiki:254|Which film has the director who is older, The Woman In The Fifth or End Of Winter?|The Woman In The Fifth|254|['2540', '2546', '2547', '2548']|['end of winter', 'kim dae hwan', 'paweł pawlikowski', 'the woman in the fifth']|True
2wiki:256|Who is George Fitzroy, 1St Duke Of Northumberland's stepmother?|Catherine of Braganza|256|['2565', '2566']|['charles ii of england', 'george fitzroy 1st duke of northumberland']|True
2wiki:259|Who is the paternal grandmother of Louis, Count Of Verdun?|Gerberge of Lorraine|259|['2592', '2596']|['louis count of verdun', 'otto i count of chiny']|True
2wiki:260|What nationality is Anne Of Burgundy's father?|France|260|['2602', '2603']|['anne of burgundy', 'john the fearless']|True
2wiki:261|Which film has the director who was born later, All The Gold In The World or The Crowning Touch?|The Crowning Touch|261|['2610', '2611', '2614', '2619']|['all the gold in the world', 'david eady film director', 'rené clair', 'the crowning touch']|True
2wiki:265|What is the date of death of Joan, Countess Of Blois's mother?|2 August 1288|265|['2657', '2658']|['alix of brittany dame de pontarcy', 'joan countess of blois']|True
2wiki:275|Which film whose director is younger, Dallas 362 or Revenge Of The Barbarians?|Dallas 362|275|['2750', '2751', '2752', '2756']|['dallas 362', 'giuseppe vari', 'revenge of the barbarians', 'scott caan']|True
2wiki:277|Where was the father of Andrew Balding born?|US|277|['2774', '2779']|['andrew balding', 'ian balding']|True
2wiki:280|Which award the composer of film Pataakha won?|National Film Award for Best Music Direction|280|['2800', '2809']|['pataakha', 'vishal bhardwaj']|True
2wiki:281|What is the place of birth of the performer of song Damage (Pharoahe Monch Song)?|Queens|281|['2817', '2819']|['damage pharoahe monch song', 'pharoahe monch']|True
2wiki:289|Are the directors of films The Swordsman (Upcoming Film) and Shopworn both from the same country?|no|289|['2890', '2891', '2895', '2897']|['choi jae hoon', 'nick grinde', 'shopworn', 'the swordsman upcoming film']|True
2wiki:292|Who was born later, Lisbeth Cathrine Amalie Rose or Princess Raiyah Bint Hussein?|Princess Raiyah Bint Hussein|292|['2924', '2925']|['lisbeth cathrine amalie rose', 'princess raiyah bint hussein']|True
2wiki:294|Which country the director of film One Night At Mccool'S is from?|Norwegian|294|['2940', '2945']|['harald zwart', 'one night at mccool s']|True
2wiki:296|Who is the paternal grandmother of John Iii, Duke Of Cleves?|Elizabeth of Nevers|296|['2961', '2966']|['john ii duke of cleves', 'john iii duke of cleves']|True
2wiki:298|What nationality is Imperial Noble Consort Chunhui's husband?|Qing dynasty|298|['2980', '2983']|['imperial noble consort chunhui', 'qianlong emperor']|True
2wiki:299|Which film has the director who died later, Say It With Flowers or Boot Hill Bandits?|Boot Hill Bandits|299|['2990', '2991', '2995', '2996']|['boot hill bandits', 'john baxter director', 's roy luby', 'say it with flowers']|True
2wiki:307|Are both director of film Germany, Year Zero and director of film Cross Shot from the same country?|yes|307|['3070', '3074', '3075', '3078']|['cross shot', 'germany year zero', 'roberto rossellini', 'stelvio massi']|True
2wiki:309|What is the place of birth of Consort Liang's husband?|Chinese|309|['3093', '3095']|['consort liang', 'emperor zhang of han']|True
2wiki:310|Where did Muza Niyazova's husband die?|Ashgabat|310|['3101', '3102']|['muza niyazova', 'saparmurat niyazov']|True
2wiki:312|Do John Amyas Alexander and Albert Seward share the same nationality?|yes|312|['3126', '3128']|['albert seward', 'john amyas alexander']|True
2wiki:314|Which award the composer of film Bhookh (1947 Film) won?|Sangeet Natak Akademi Award|314|['3144', '3146']|['anil biswas composer', 'bhookh 1947 film']|True
2wiki:318|Where was the father of Prince Charles Louis, Duke Of Chartres born?|Rabat|318|['3181', '3184']|['prince charles louis duke of chartres', 'prince jacques duke of orléans']|True
2wiki:319|Where was the place of burial of Ælfgar, Earl Of Mercia's mother?|Coventry|319|['3193', '3198']|['lady godiva', 'ælfgar earl of mercia']|True
2wiki:321|Who is the spouse of the performer of song Ängeln I Rummet?|Efva Attling|321|['3213', '3214']|['eva dahlgren', 'ängeln i rummet']|True
2wiki:327|Which film has the director who is older than the other, One Down, Two To Go or Andrei Svislotskiy?|One Down, Two To Go|327|['3274', '3277', '3278', '3279']|['andrei svislotskiy', 'fred williamson', 'igor kovalyov', 'one down two to go']|True
2wiki:328|Who is the maternal grandfather of Adam Coleman Howard?|Jules Lederer|328|['3285', '3289']|['adam coleman howard', 'margo howard']|True
2wiki:332|Where did the director of film Vestire Gli Ignudi die?|Paris|332|['3322', '3324']|['marcello pagliero', 'vestire gli ignudi']|True
2wiki:346|Who is Richard Burke, 4Th Earl Of Clanricarde's paternal grandfather?|Richard Burke, 2nd Earl of Clanricarde|346|['3460', '3465']|['richard burke 4th earl of clanricarde', 'ulick burke 3rd earl of clanricarde']|True
2wiki:351|Which film has the director who was born earlier, Buffet Froid or Lost In Africa?|Buffet Froid|351|['3512', '3514', '3515', '3517']|['bertrand blier', 'buffet froid', 'lost in africa', 'stewart raffill']|True
2wiki:355|Who is the paternal grandfather of Guy Le Strange?|Henry Styleman|355|['3550', '3553']|['guy le strange', 'henry l estrange styleman le strange']|True
2wiki:361|Where was the composer of film Terror In The Aisles born?|California|361|['3617', '3618']|['john beal composer', 'terror in the aisles']|True
2wiki:363|What is the cause of death of performer of song Oh Boy, Oh Boy, Oh Boy!?|laryngeal cancer|363|['3637', '3638']|['lasse dahlquist', 'oh boy oh boy oh boy']|True
2wiki:365|What nationality is Beatrice I, Countess Of Burgundy's husband?|Germany|365|['3654', '3659']|['beatrice i countess of burgundy', 'frederick i holy roman emperor']|True
2wiki:370|Where was the place of death of Christiane Vulpius's husband?|Weimar|370|['3702', '3707']|['christiane vulpius', 'johann wolfgang von goethe']|True
2wiki:371|Which film has the director died earlier, Dialogues Of Exiles or Rhythm And Weep?|Rhythm And Weep|371|['3713', '3714', '3715', '3718']|['dialogues of exiles', 'jules white', 'raúl ruiz director', 'rhythm and weep']|True
2wiki:377|Who is the father of the composer of song I Miss You (Miley Cyrus Song)?|Billy Ray Cyrus|377|['3771', '3775']|['i miss you miley cyrus song', 'miley cyrus']|True
2wiki:382|Are Doboy Railway Station and Adamstown Railway Station, New South Wales located in the same country?|yes|382|['3824', '3826']|['adamstown railway station new south wales', 'doboy railway station']|True
2wiki:408|Where was the place of burial of Meritites I's husband?|Great Pyramid of Giza|408|['4082', '4086']|['khufu', 'meritites i']|True
2wiki:411|Where was the director of film The Pride Of Jennico (Film) born?|Colorado|411|['4110', '4113']|['j searle dawley', 'the pride of jennico film']|True
2wiki:425|Which film has the director born earlier, The Newest Pledge or Más Allá De La Aventura?|Más Allá De La Aventura|425|['4251', '4253', '4256', '4257']|['jason michael brescia', 'más allá de la aventura', 'oscar barney finn', 'the newest pledge']|True
2wiki:429|Who is the mother of Olaf (Ii) Haraldsen?|Ragnild Magnusdotter|429|['4291', '4293']|['harald kesja', 'olaf ii haraldsen']|True
2wiki:432|Are the directors of both films Der Blindgänger and Hotel Desire from the same country?|yes|432|['4321', '4322', '4324', '4326']|['andreas samland', 'der blindgänger', 'hotel desire', 'sergej moya']|True
2wiki:436|Where did the composer of film Henry V (1944 Film) die?|Ischia|436|['4362', '4369']|['henry v 1944 film', 'william walton']|True
2wiki:439|Which film has the director born later, Cyclone Of The Saddle or Blind Corner?|Blind Corner|439|['4391', '4396', '4397', '4398']|['blind corner', 'cyclone of the saddle', 'elmer clifton', 'lance comfort']|True
2wiki:445|Who is Charles Gordon, 2Nd Earl Of Aboyne's paternal grandmother?|Lady Anne Campbell|445|['4454', '4458']|['charles gordon 1st earl of aboyne', 'charles gordon 2nd earl of aboyne']|True
2wiki:451|Which film has the director who died later, Good Morning, Little Countess or Vogue La Galère?|Vogue La Galère|451|['4510', '4516', '4517', '4518']|['good morning little countess', 'luis césar amadori', 'raymond rouleau', 'vogue la galère']|True
2wiki:462|Which film whose director is younger, Torments Of The Night or Dirty Dancing?|Dirty Dancing|462|['4624', '4627', '4628', '4629']|['curtis bernhardt', 'dirty dancing', 'emile ardolino', 'torments of the night']|True
2wiki:479|Which film was released first, The Cemetery Club or Uzhaikkum Karangal?|Uzhaikkum Karangal|479|['4793', '4799']|['the cemetery club', 'uzhaikkum karangal']|True
2wiki:486|Which film has the director who is older than the other, The Enchanted Desna or Neal Of The Navy?|Neal Of The Navy|486|['4861', '4862', '4863', '4864']|['neal of the navy', 'the enchanted desna', 'william bertram actor', 'yuliya solntseva']|True
2wiki:493|Who is the maternal grandfather of Prince Dmitri Alexandrovich Of Russia?|Alexander III of Russia|493|['4931', '4938']|['grand duchess xenia alexandrovna of russia', 'prince dmitri alexandrovich of russia']|True
2wiki:494|Where was the place of burial of the director of film The Last Company?|Forest Lawn Memorial Park|494|['4940', '4944']|['curtis bernhardt', 'the last company']|True
2wiki:499|Who is Albert G. Simms's father-in-law?|Mark Hanna|499|['4990', '4998']|['albert g simms', 'ruth hanna mccormick']|True
2wiki:513|Where was the director of film The 3 Rooms Of Melancholia born?|Helsinki|513|['5133', '5137']|['pirjo honkasalo', 'the 3 rooms of melancholia']|True
2wiki:521|What is the date of death of Siemowit V Of Masovia's mother?|20 April 1434|521|['5210', '5218']|['alexandra of lithuania', 'siemowit v of masovia']|True
2wiki:522|Which film has the director died later, Sailor'S Luck or Lutaru Lalna?|Lutaru Lalna|522|['5222', '5223', '5224', '5227']|['homi wadia', 'lutaru lalna', 'raoul walsh', 'sailor s luck']|True
2wiki:526|Who was born first, Emmanuel Goffi or Mariano Pasini?|Emmanuel Goffi|526|['5263', '5269']|['emmanuel goffi', 'mariano pasini']|True
2wiki:527|Which one was established first, Besix or Circus Herman Renz?|Besix|527|['5273', '5276']|['besix', 'circus herman renz']|True
2wiki:528|Which film was released earlier, Nesmrtelná Teta or Illang: The Wolf Brigade?|Nesmrtelná Teta|528|['5283', '5286']|['illang the wolf brigade', 'nesmrtelná teta']|True
2wiki:529|Where was the place of burial of Neith (Wife Of Pepi Ii)'s husband?|Saqqara|529|['5291', '5298']|['neith wife of pepi ii', 'pepi ii neferkare']|True
2wiki:534|Where was the place of death of Princess Louise Auguste Of Denmark's mother?|Celle|534|['5345', '5349']|['caroline matilda of great britain', 'princess louise auguste of denmark']|True
2wiki:542|Who is the paternal grandmother of Jeanne Of Bar, Countess Of Marle And Soissons?|Marie I de Coucy, Countess of Soissons|542|['5426', '5428']|['jeanne of bar countess of marle and soissons', 'robert of bar count of marle']|True
2wiki:543|Which film has the director who died later, September Affair or A Gathering Of Eagles?|A Gathering Of Eagles|543|['5433', '5434', '5437', '5439']|['a gathering of eagles', 'delbert mann', 'september affair', 'william dieterle']|True
2wiki:548|Which film has the director died later, Saturday Night Out or An Italian Romance?|An Italian Romance|548|['5483', '5484', '5486', '5487']|['an italian romance', 'carlo mazzacurati', 'robert hartford davis', 'saturday night out']|True
2wiki:549|Which film has the director born earlier, To Walk With Lions or The Grizzlies?|To Walk With Lions|549|['5490', '5491', '5495', '5497']|['carl schultz', 'miranda de pencier', 'the grizzlies', 'to walk with lions']|True
2wiki:554|Who was born later, Anna Margarete Stegmann or Mouloud Feraoun?|Mouloud Feraoun|554|['5541', '5544']|['anna margarete stegmann', 'mouloud feraoun']|True
2wiki:559|Who is Princess Florestine Of Monaco's paternal grandmother?|Louise d'Aumont|559|['5590', '5597']|['florestan i prince of monaco', 'princess florestine of monaco']|True
2wiki:570|Which film has the director born later, Song Of The Open Road or Campaign Of Hate: Russia And Gay Propaganda?|Campaign Of Hate: Russia And Gay Propaganda|570|['5700', '5703', '5704', '5708']|['campaign of hate russia and gay propaganda', 'michael lucas director', 's sylvan simon', 'song of the open road']|True
2wiki:578|Where was the wife of Pierre-Marie Gault De Saint-Germain born?|Warsaw|578|['5781', '5786']|['anna rajecka', 'pierre marie gault de saint germain']|True
2wiki:583|Where was the director of film Mister Scarface born?|San Ferdinando di Puglia|583|['5833', '5836']|['fernando di leo', 'mister scarface']|True
2wiki:584|Where was the place of death of Salin Mibaya's husband?|Pyay|584|['5843', '5847']|['salin mibaya', 'thado dhamma yaza ii of prome']|True
2wiki:589|Where was the place of burial of the director of film Broadway Bad?|Westwood Village Memorial Park Cemetery|589|['5891', '5899']|['broadway bad', 'sidney lanfield']|True
2wiki:590|What is the date of death of Matilda Of Boulogne, Duchess Of Brabant's mother?|25 July 1182|590|['5900', '5905']|['marie i countess of boulogne', 'matilda of boulogne duchess of brabant']|True
2wiki:595|Do director of film Just Married (1934 Film) and director of film The Thirteenth Commandment share the same nationality?|yes|595|['5951', '5952', '5953', '5959']|['guido brignone', 'just married 1934 film', 'robert g vignola', 'the thirteenth commandment']|True
2wiki:599|Where was the director of film The Naked Angel born?|Santiago del Estero|599|['5994', '5995']|['carlos hugo christensen', 'the naked angel']|True
2wiki:601|Where was the place of burial of Pareherwenemef's mother?|QV66|601|['6012', '6016']|['nefertari', 'pareherwenemef']|True
2wiki:604|Which country Jessie Harlan Lincoln's father is from?|American|604|['6043', '6047']|['jessie harlan lincoln', 'robert todd lincoln']|True
2wiki:613|Which film has the director born later, Tell It To The Bees or House Of The Black Death?|Tell It To The Bees|613|['6132', '6133', '6135', '6137']|['annabel jankel', 'house of the black death', 'jerry warren', 'tell it to the bees']|True
2wiki:617|Who is the spouse of the director of film Min Kone Er Uskyldig?|Annelise Hovmand|617|['6174', '6177']|['johan jacobsen', 'min kone er uskyldig']|True
2wiki:621|Which film was released more recently, Behind Locked Doors or Crossing Delancey?|Crossing Delancey|621|['6212', '6219']|['behind locked doors', 'crossing delancey']|True
2wiki:626|Where was the director of film House In The Sun born?|Béziers|626|['6263', '6265']|['gaston roudès', 'house in the sun']|True
2wiki:635|Who is the spouse of the director of film Zabak?|Fearless Nadia|635|['6352', '6356']|['homi wadia', 'zabak']|True
2wiki:636|Which film has the director who died later, Valentin The Good or A Daughter Of Two Worlds?|Valentin The Good|636|['6360', '6361', '6364', '6369']|['a daughter of two worlds', 'james young director', 'martin frič', 'valentin the good']|True
2wiki:643|What nationality is Claire Annabel Caroline Grant Duff's father?|British|643|['6432', '6438']|['claire annabel caroline grant duff', 'm e grant duff']|True
2wiki:644|Where was the place of death of Princess Anne Charlotte Of Lorraine's mother?|Commercy|644|['6441', '6443']|['princess anne charlotte of lorraine', 'élisabeth charlotte d orléans']|True
2wiki:649|Which album came out first, Sol Niger Within or The Magic Place?|Sol Niger Within|649|['6490', '6494']|['sol niger within', 'the magic place']|True
2wiki:650|Which country the director of film Downloaded (Film) is from?|American|650|['6502', '6506']|['alex winter', 'downloaded film']|True
2wiki:652|Where did Joanna, Duchess Of Durazzo's mother die?|Neapolitan|652|['6525', '6528']|['joanna duchess of durazzo', 'maria of calabria']|True
2wiki:656|Where was the place of death of Lin Liguo's father?|Öndörkhaan|656|['6560', '6569']|['lin biao', 'lin liguo']|True
2wiki:660|Which film came out earlier, Gran Torino or Rivaaj?|Rivaaj|660|['6606', '6609']|['gran torino', 'rivaaj']|True
2wiki:662|Where was the director of film The Wedding Video (2003 Film) born?|American|662|['6621', '6624']|['norman korpi', 'the wedding video 2003 film']|True
2wiki:668|Who was born later, Charles Burls or George Hypolite?|George Hypolite|668|['6684', '6686']|['charles burls', 'george hypolite']|True
2wiki:670|Which film was released more recently, Horas Marcadas or Tiny Times 3?|Tiny Times 3|670|['6707', '6709']|['horas marcadas', 'tiny times 3']|True
2wiki:677|Where did Roberto Civita's father die?|São Paulo|677|['6771', '6776']|['roberto civita', 'victor civita']|True
2wiki:678|What is the date of death of Fitzroy Somerset, 5Th Baron Raglan's father?|14 September 1964|678|['6787', '6788']|['fitzroy somerset 4th baron raglan', 'fitzroy somerset 5th baron raglan']|True
2wiki:679|What is the place of birth of the director of film Martial Law (1991 Film)?|Memphis|679|['6791', '6796']|['martial law 1991 film', 'steve cohen']|True
2wiki:687|Are Half Mile Lagoon and Lake Waitaki both located in the same country?|yes|687|['6874', '6879']|['half mile lagoon', 'lake waitaki']|True
2wiki:689|What is the date of birth of Augustus Paulet, 15Th Marquess Of Winchester's father?|3 June 1801|689|['6894', '6897']|['augustus paulet 15th marquess of winchester', 'john paulet 14th marquess of winchester']|True
2wiki:692|Are Car Trouble (Film) and White Heat (1926 Film) both from the same country?|yes|692|['6921', '6924']|['car trouble film', 'white heat 1926 film']|True
2wiki:697|Who is the paternal grandmother of Reinald Iv, Duke Of Guelders And Jülich?|Joanna of Hainaut|697|['6972', '6976']|['reinald iv duke of guelders and jülich', 'william ii duke of jülich']|True
2wiki:713|Why did the director of film Normande (Film) die?|Parkinson's disease|713|['7132', '7134']|['gilles carle', 'normande film']|True
2wiki:714|Which film has the director born later, The Man Who Murdered or Newness?|Newness|714|['7142', '7144', '7146', '7147']|['curtis bernhardt', 'drake doremus', 'newness', 'the man who murdered']|True
2wiki:716|What is the place of birth of the director of film Venus Makes Trouble?|Jerseyville|716|['7161', '7163']|['gordon wiles', 'venus makes trouble']|True
2wiki:721|Who is Olga Constantinovna Of Russia's maternal grandfather?|Joseph, Duke of Saxe-Altenburg|721|['7213', '7214']|['olga constantinovna of russia', 'princess alexandra of saxe altenburg']|True
2wiki:737|Which film has the director born later, Where Are You? I'M Here or 11 Flowers?|11 Flowers|737|['7370', '7371', '7373', '7379']|['11 flowers', 'liliana cavani', 'wang xiaoshuai', 'where are you i m here']|True
2wiki:740|Where did Elisabeth Of Hesse, Electress Palatine's mother die?|Kassel|740|['7401', '7408']|['christine of saxony', 'elisabeth of hesse electress palatine']|True
2wiki:741|What is the place of birth of the performer of song Thru Your Phone?|Bronx|741|['7410', '7412']|['cardi b', 'thru your phone']|True
2wiki:749|Where was the director of film Katka'S Reinette Apples born?|Rēzekne|749|['7492', '7494']|['fridrikh ermler', 'katka s reinette apples']|True
2wiki:753|What is the place of birth of the director of film Chronicles Of A Dive Bomber?|Leningrad|753|['7530', '7531']|['chronicles of a dive bomber', 'naum birman']|True
2wiki:761|When did Philip Iii, Marquis Of Namur's father die?|31 January 1330|761|['7611', '7615']|['john i marquis of namur', 'philip iii marquis of namur']|True
2wiki:764|Are both Lise Kristiansen and Bernt Lund from the same country?|yes|764|['7644', '7646']|['bernt lund', 'lise kristiansen']|True
2wiki:767|Which film came out earlier, Desam or The Legend Of Paul And Paula?|The Legend Of Paul And Paula|767|['7671', '7673']|['desam', 'the legend of paul and paula']|True
2wiki:787|Which film has the director who is older than the other, One Woman To Another or Come On, Rangers?|One Woman To Another|787|['7873', '7875', '7876', '7878']|['come on rangers', 'frank tuttle', 'joseph kane', 'one woman to another']|True
2wiki:800|What is the place of birth of William Parr, 1St Marquess Of Northampton's mother?|Northamptonshire|800|['8008', '8009']|['maud green', 'william parr 1st marquess of northampton']|True
2wiki:802|Who is Louis Viii, Landgrave Of Hesse-Darmstadt's paternal grandmother?|Elisabeth Dorothea of Saxe-Gotha-Altenburg|802|['8026', '8027']|['ernest louis landgrave of hesse darmstadt', 'louis viii landgrave of hesse darmstadt']|True
2wiki:810|Which film has the director who was born later, Maneater Of Hydra or The Fighting Seabees?|Maneater Of Hydra|810|['8100', '8103', '8105', '8107']|['edward ludwig', 'maneater of hydra', 'mel welles', 'the fighting seabees']|True
2wiki:811|When was the company that published The Rip Off Review Of Western Culture founded?|1969|811|['8115', '8117']|['rip off press', 'the rip off review of western culture']|True
2wiki:816|Which award the director of film Swapnabhumi earned?|Ekushey Padak|816|['8161', '8162']|['swapnabhumi', 'tanvir mokammel']|True
2wiki:820|Which film has the director born earlier, The Belle Of Broadway or Count Varenne'S Lover?|Count Varenne'S Lover|820|['8200', '8201', '8204', '8205']|['count varenne s lover', 'frederic zelnik', 'harry o hoyt', 'the belle of broadway']|True
2wiki:822|Which film came out earlier, To Touch The Soul or Contragolpe?|Contragolpe|822|['8224', '8226']|['contragolpe', 'to touch the soul']|True
2wiki:823|When did John Brabazon, 10Th Earl Of Meath's father die?|4 January 1790|823|['8236', '8237']|['anthony brabazon 8th earl of meath', 'john brabazon 10th earl of meath']|True
2wiki:826|Who is Adolf, Duke Of Bavaria's maternal grandfather?|Adolph I|826|['8260', '8265']|['adolf duke of bavaria', 'margaret of cleves duchess of bavaria munich']|True
2wiki:829|Who is Grimoald The Younger's paternal grandfather?|Ansegisel|829|['8290', '8291']|['grimoald the younger', 'pepin of herstal']|True
2wiki:837|Did Lenny Mcallister and Ken Xie have the same nationality?|yes|837|['8371', '8376']|['ken xie', 'lenny mcallister']|True
2wiki:845|Which film has the director born earlier, I Learned It From Father or Sengottai Singam?|I Learned It From Father|845|['8452', '8453', '8454', '8459']|['axel von ambesser', 'i learned it from father', 'sengottai singam', 'v n reddy']|True
2wiki:849|Which film has the director who died later, Stolen Identity or Them!?|Them!|849|['8491', '8493', '8495', '8496']|['gordon douglas director', 'gunther von fritsch', 'stolen identity', 'them']|True
2wiki:859|Who died later, A. V. Aryan or Sadie Heath Cabaniss?|A. V. Aryan|859|['8593', '8599']|['a v aryan', 'sadie heath cabaniss']|True
2wiki:865|Who was born first out of Marie Agba-Otikpo and Mariam El-Masri?|Marie Agba-Otikpo|865|['8651', '8659']|['mariam el masri', 'marie agba otikpo']|True
2wiki:866|Who is the father of the director of film Little Joe (Film)?|Rudolf Hausner|866|['8667', '8668']|['jessica hausner', 'little joe film']|True
2wiki:867|Are Six Dance Lessons In Six Weeks (Film) and Article 99 both from the same country?|no|867|['8672', '8677']|['article 99', 'six dance lessons in six weeks film']|True
2wiki:879|Where was the place of death of George Of Lencastre, 2Nd Duke Of Aveiro's father?|Coimbra|879|['8792', '8793']|['george of lencastre 2nd duke of aveiro', 'joão de lencastre 1st duke of aveiro']|True
2wiki:883|Which film has the director who is older, The Gentle Sex or The Searchers?|The Gentle Sex|883|['8832', '8835', '8836', '8838']|['john ford', 'leslie howard', 'the gentle sex', 'the searchers']|True
2wiki:884|Where did the director of film Torrid Zone die?|New York|884|['8844', '8846']|['torrid zone', 'william keighley']|True
2wiki:892|Where was the wife of Jesús Aguirre born?|Liria Palace|892|['8925', '8927']|['cayetana fitz james stuart 18th duchess of alba', 'jesús aguirre']|True
2wiki:893|Who is the paternal grandmother of Princess Louise Of Denmark (1726–1756)?|Louise of Mecklenburg-Güstrow|893|['8934', '8938']|['christian vi of denmark', 'princess louise of denmark 1726 1756']|True
2wiki:899|Where was the place of burial of Adèle Hugo's father?|Panthéon|899|['8993', '8996']|['adèle hugo', 'victor hugo']|True
2wiki:901|Who is Princess Franziska Of Hohenlohe-Waldenburg-Schillingsfürst's sibling-in-law?|Charles I of Austria|901|['9012', '9016']|['archduke maximilian eugen of austria', 'princess franziska of hohenlohe waldenburg schillingsfürst']|True
2wiki:902|Who lived longer, Gustav Philipp Mörl or Giuseppe Diotti?|Gustav Philipp Mörl|902|['9021', '9022']|['giuseppe diotti', 'gustav philipp mörl']|True
2wiki:914|What nationality is Henry De Beaumont, 5Th Earl Of Warwick's father?|England|914|['9140', '9143']|['henry de beaumont 5th earl of warwick', 'waleran de beaumont 4th earl of warwick']|True
2wiki:917|Where was the place of death of the director of film The Iron Man (Serial)?|Los Angeles County|917|['9174', '9175']|['jay marchant', 'the iron man serial']|True
2wiki:924|Which film has the director born later, The Last Company or Anand Ashram?|Anand Ashram|924|['9240', '9242', '9245', '9248']|['anand ashram', 'curtis bernhardt', 'shakti samanta', 'the last company']|True
2wiki:936|Which film has the director who died earlier, Love That Brute or Laughing Heirs?|Laughing Heirs|936|['9362', '9366', '9367', '9369']|['alexander hall', 'laughing heirs', 'love that brute', 'max ophüls']|True
2wiki:938|Who is the maternal grandfather of Edmund Stafford, 5Th Earl Of Stafford?|Thomas de Beauchamp|938|['9381', '9388']|['edmund stafford 5th earl of stafford', 'philippa de beauchamp']|True
2wiki:941|Where was the director of film Inconceivable (2008 Film) born?|Northern Ireland|941|['9414', '9418']|['inconceivable 2008 film', 'mary mcguckian']|True
2wiki:942|Which film has the director who was born first, Bhavesh Joshi Superhero or Hellboy Ii: The Golden Army?|Hellboy Ii: The Golden Army|942|['9422', '9423', '9424', '9426']|['bhavesh joshi superhero', 'guillermo del toro', 'hellboy ii the golden army', 'vikramaditya motwane']|True
2wiki:947|Where was the performer of song Rewind (Find A Way) born?|Wolverhampton|947|['9474', '9476']|['beverley knight', 'rewind find a way']|True
2wiki:948|Who is Anne De Laval, Viscountess Of Thouars's paternal grandfather?|Jean de Laval|948|['9480', '9483']|['anne de laval viscountess of thouars', 'guy xvi de laval']|True
2wiki:959|Where did Carlos Bee's father die?|San Antonio|959|['9593', '9594']|['carlos bee', 'hamilton p bee']|True
2wiki:973|Are Sand River (Limpopo) and Dennis Creek both located in the same country?|no|973|['9731', '9737']|['dennis creek', 'sand river limpopo']|True
2wiki:974|What is the place of birth of the performer of song Outta My Head (Leona Lewis Song)?|London|974|['9745', '9747']|['leona lewis', 'outta my head leona lewis song']|True
2wiki:977|Which award the performer of song In 20-0-3 earned?|Grammy|977|['9772', '9773']|['in 20 0 3', 'joe jackson musician']|True
2wiki:978|Was Lupe Anguiano or Philippe Close born first?|Lupe Anguiano|978|['9780', '9782']|['lupe anguiano', 'philippe close']|True
2wiki:985|Which film has the director who was born earlier, Khud-Daar or Murderer In The Fog?|Murderer In The Fog|985|['9851', '9854', '9855', '9857']|['eugen york', 'khud daar', 'murderer in the fog', 'ravi tandon']|True
2wiki:986|Where was the place of death of the composer of song Bidin' My Time?|Hollywood|986|['9860', '9866']|['bidin my time', 'george gershwin']|True
2wiki:989|Who was born first, Botir Qoraev or István Ujhelyi?|István Ujhelyi|989|['9895', '9899']|['botir qoraev', 'istván ujhelyi']|True
2wiki:995|Which film has the director who was born later, Light In The High Plains or On A Half Clear Morning?|On A Half Clear Morning|995|['9952', '9954', '9956', '9958']|['bruno dumont', 'light in the high plains', 'on a half clear morning', 'víctor urruchúa']|True
2wiki:998|Which film has the director who was born first, Wild Harvest or Thunder In The Night?|Thunder In The Night|998|['9980', '9984', '9986', '9988']|['george archainbaud', 'tay garnett', 'thunder in the night', 'wild harvest']|True
